3,jlateef
1350,jlateef
23,jlateef
1203,jlateef
540,jlateef
1052,gusrios
695,gusrios
447,gusrios
1129,gusrios
1392,gusrios
197,gusrios
808,d.cants
679,d.cants
1476,d.cants
1474,d.cants
639,d.cants
293,d.cants
283,d.cants
815,d.cants
1309,d.cants
425,d.cants
289,b.slow24
1187,b.slow24
278,b.slow24
879,b.slow24
1308,b.slow24
1499,b.slow24
853,b.slow24
1414,b.slow24
51,b.slow24
1126,zou.g12
41,zou.g12
1223,zou.g12
540,zou.g12
987,zou.g12
882,zqmge8u
943,3v9b9xd
861,3v9b9xd
709,Abg0j26
807,Abg0j26
213,Abg0j26
1426,Abg0j26
214,o5clfej
165,o5clfej
554,e4a6314
1391,e4a6314
158,e4a6314
1244,e4a6314
9,x5urupm
1153,ayg43cv
809,ayg43cv
875,6v0t9as
106,dabvx89
1402,ym7wvg1
856,ym7wvg1
